{
  "hash": "4d937efa",
  "configHash": "d913e60e",
  "lockfileHash": "6add0e2f",
  "browserHash": "44a2b891",
  "optimized": {
    "@angular/common": {
      "src": "../../../../../../node_modules/@angular/common/fesm2022/common.mjs",
      "file": "@angular_common.js",
      "fileHash": "09a8bb51",
      "needsInterop": false
    },
    "@angular/common/http": {
      "src": "../../../../../../node_modules/@angular/common/fesm2022/http.mjs",
      "file": "@angular_common_http.js",
      "fileHash": "0902c7a8",
      "needsInterop": false
    },
    "@angular/core": {
      "src": "../../../../../../node_modules/@angular/core/fesm2022/core.mjs",
      "file": "@angular_core.js",
      "fileHash": "5b48a2bb",
      "needsInterop": false
    },
    "@angular/forms": {
      "src": "../../../../../../node_modules/@angular/forms/fesm2022/forms.mjs",
      "file": "@angular_forms.js",
      "fileHash": "25c0650f",
      "needsInterop": false
    },
    "@angular/platform-browser": {
      "src": "../../../../../../node_modules/@angular/platform-browser/fesm2022/platform-browser.mjs",
      "file": "@angular_platform-browser.js",
      "fileHash": "cf4693ed",
      "needsInterop": false
    },
    "@angular/platform-browser/animations/async": {
      "src": "../../../../../../node_modules/@angular/platform-browser/fesm2022/animations/async.mjs",
      "file": "@angular_platform-browser_animations_async.js",
      "fileHash": "cec9a058",
      "needsInterop": false
    },
    "@angular/router": {
      "src": "../../../../../../node_modules/@angular/router/fesm2022/router.mjs",
      "file": "@angular_router.js",
      "fileHash": "8ab0efef",
      "needsInterop": false
    },
    "@primeuix/themes/aura": {
      "src": "../../../../../../node_modules/@primeuix/themes/dist/aura/index.mjs",
      "file": "@primeuix_themes_aura.js",
      "fileHash": "33223555",
      "needsInterop": false
    },
    "ngx-echarts": {
      "src": "../../../../../../node_modules/ngx-echarts/fesm2022/ngx-echarts.mjs",
      "file": "ngx-echarts.js",
      "fileHash": "5303a1a9",
      "needsInterop": false
    },
    "primeng/api": {
      "src": "../../../../../../node_modules/primeng/fesm2022/primeng-api.mjs",
      "file": "primeng_api.js",
      "fileHash": "cf9cb644",
      "needsInterop": false
    },
    "primeng/bind": {
      "src": "../../../../../../node_modules/primeng/fesm2022/primeng-bind.mjs",
      "file": "primeng_bind.js",
      "fileHash": "c79aa5bd",
      "needsInterop": false
    },
    "primeng/button": {
      "src": "../../../../../../node_modules/primeng/fesm2022/primeng-button.mjs",
      "file": "primeng_button.js",
      "fileHash": "cdf0778a",
      "needsInterop": false
    },
    "primeng/card": {
      "src": "../../../../../../node_modules/primeng/fesm2022/primeng-card.mjs",
      "file": "primeng_card.js",
      "fileHash": "d3af25ca",
      "needsInterop": false
    },
    "primeng/config": {
      "src": "../../../../../../node_modules/primeng/fesm2022/primeng-config.mjs",
      "file": "primeng_config.js",
      "fileHash": "52def732",
      "needsInterop": false
    },
    "primeng/dialog": {
      "src": "../../../../../../node_modules/primeng/fesm2022/primeng-dialog.mjs",
      "file": "primeng_dialog.js",
      "fileHash": "fe699495",
      "needsInterop": false
    },
    "primeng/iconfield": {
      "src": "../../../../../../node_modules/primeng/fesm2022/primeng-iconfield.mjs",
      "file": "primeng_iconfield.js",
      "fileHash": "1c8d5c6b",
      "needsInterop": false
    },
    "primeng/inputicon": {
      "src": "../../../../../../node_modules/primeng/fesm2022/primeng-inputicon.mjs",
      "file": "primeng_inputicon.js",
      "fileHash": "f59c6ea5",
      "needsInterop": false
    },
    "primeng/inputnumber": {
      "src": "../../../../../../node_modules/primeng/fesm2022/primeng-inputnumber.mjs",
      "file": "primeng_inputnumber.js",
      "fileHash": "39a11313",
      "needsInterop": false
    },
    "primeng/inputtext": {
      "src": "../../../../../../node_modules/primeng/fesm2022/primeng-inputtext.mjs",
      "file": "primeng_inputtext.js",
      "fileHash": "1a292737",
      "needsInterop": false
    },
    "primeng/scroller": {
      "src": "../../../../../../node_modules/primeng/fesm2022/primeng-scroller.mjs",
      "file": "primeng_scroller.js",
      "fileHash": "9dda65c6",
      "needsInterop": false
    },
    "primeng/select": {
      "src": "../../../../../../node_modules/primeng/fesm2022/primeng-select.mjs",
      "file": "primeng_select.js",
      "fileHash": "ded838b9",
      "needsInterop": false
    },
    "primeng/table": {
      "src": "../../../../../../node_modules/primeng/fesm2022/primeng-table.mjs",
      "file": "primeng_table.js",
      "fileHash": "c7fbf4ca",
      "needsInterop": false
    },
    "primeng/tag": {
      "src": "../../../../../../node_modules/primeng/fesm2022/primeng-tag.mjs",
      "file": "primeng_tag.js",
      "fileHash": "17c846ed",
      "needsInterop": false
    },
    "primeng/toast": {
      "src": "../../../../../../node_modules/primeng/fesm2022/primeng-toast.mjs",
      "file": "primeng_toast.js",
      "fileHash": "70e9d08c",
      "needsInterop": false
    },
    "primeng/togglebutton": {
      "src": "../../../../../../node_modules/primeng/fesm2022/primeng-togglebutton.mjs",
      "file": "primeng_togglebutton.js",
      "fileHash": "eb956dbc",
      "needsInterop": false
    },
    "zone.js": {
      "src": "../../../../../../node_modules/zone.js/fesm2015/zone.js",
      "file": "zone__js.js",
      "fileHash": "9b30224a",
      "needsInterop": true
    },
    "echarts": {
      "src": "../../../../../../node_modules/echarts/index.js",
      "file": "echarts.js",
      "fileHash": "76319c68",
      "needsInterop": false
    },
    "rxjs": {
      "src": "../../../../../../node_modules/rxjs/dist/esm5/index.js",
      "file": "rxjs.js",
      "fileHash": "6d20688f",
      "needsInterop": false
    }
  },
  "chunks": {
    "browser-7WKTGNG4": {
      "file": "browser-7WKTGNG4.js"
    },
    "chunk-5C6RVOK6": {
      "file": "chunk-5C6RVOK6.js"
    },
    "chunk-USIBWBJP": {
      "file": "chunk-USIBWBJP.js"
    },
    "chunk-LOCF2IID": {
      "file": "chunk-LOCF2IID.js"
    },
    "chunk-O5IXIVSR": {
      "file": "chunk-O5IXIVSR.js"
    },
    "chunk-LCQSMKHB": {
      "file": "chunk-LCQSMKHB.js"
    },
    "chunk-3BQDGMY6": {
      "file": "chunk-3BQDGMY6.js"
    },
    "chunk-EX62X6AE": {
      "file": "chunk-EX62X6AE.js"
    },
    "chunk-TSWGJUDG": {
      "file": "chunk-TSWGJUDG.js"
    },
    "chunk-HMX54W6S": {
      "file": "chunk-HMX54W6S.js"
    },
    "chunk-2AI3OBB4": {
      "file": "chunk-2AI3OBB4.js"
    },
    "chunk-ZUFLN462": {
      "file": "chunk-ZUFLN462.js"
    },
    "chunk-YELIFGFI": {
      "file": "chunk-YELIFGFI.js"
    },
    "chunk-CV6JM5VQ": {
      "file": "chunk-CV6JM5VQ.js"
    },
    "chunk-FSWKKIK7": {
      "file": "chunk-FSWKKIK7.js"
    },
    "chunk-KXP43WAF": {
      "file": "chunk-KXP43WAF.js"
    },
    "chunk-BR7C6SU4": {
      "file": "chunk-BR7C6SU4.js"
    },
    "chunk-RUTIXS6J": {
      "file": "chunk-RUTIXS6J.js"
    },
    "chunk-VBPXLLNG": {
      "file": "chunk-VBPXLLNG.js"
    },
    "chunk-5OSNYZAM": {
      "file": "chunk-5OSNYZAM.js"
    },
    "chunk-7TLPWTWT": {
      "file": "chunk-7TLPWTWT.js"
    },
    "chunk-JWZI37AH": {
      "file": "chunk-JWZI37AH.js"
    },
    "chunk-T5PHZI4G": {
      "file": "chunk-T5PHZI4G.js"
    },
    "chunk-K2WABBE6": {
      "file": "chunk-K2WABBE6.js"
    },
    "chunk-KVXKKWP5": {
      "file": "chunk-KVXKKWP5.js"
    },
    "chunk-S7RRGENU": {
      "file": "chunk-S7RRGENU.js"
    },
    "chunk-KWJ7C5DH": {
      "file": "chunk-KWJ7C5DH.js"
    },
    "chunk-J726HDAC": {
      "file": "chunk-J726HDAC.js"
    },
    "chunk-R6U7IGMG": {
      "file": "chunk-R6U7IGMG.js"
    },
    "chunk-PELCLBLS": {
      "file": "chunk-PELCLBLS.js"
    },
    "chunk-RSS3ODKE": {
      "file": "chunk-RSS3ODKE.js"
    },
    "chunk-XWLXMCJQ": {
      "file": "chunk-XWLXMCJQ.js"
    }
  }
}